{
  "Component-preload.js.map": 1709087861567,
  "Component.js": 1709022137681,
  "test/integration/pages/RisksList.js": 1709022138553,
  "test/integration/opaTests.qunit.js": 1709022138529,
  "test/integration/FirstJourney.js": 1709022138557,
  "test/testsuite.qunit.js": 1709022138401,
  "xs-app.json": 1709087845061,
  "manifest.json": 1709087845241,
  "test/integration/pages/RisksObjectPage.js": 1709022138553,
  "test/integration/pages/RisksList-dbg.js": 1709022138553,
  "test/integration/pages/RisksList.js.map": 1709087861475,
  "Component-dbg.js": 1709022137681,
  "Component.js.map": 1709087861464,
  "test/integration/opaTests.qunit-dbg.js": 1709022138529,
  "test/integration/opaTests.qunit.js.map": 1709087861471,
  "test/integration/FirstJourney-dbg.js": 1709022138557,
  "test/integration/FirstJourney.js.map": 1709087861478,
  "test/testsuite.qunit-dbg.js": 1709022138401,
  "test/testsuite.qunit.js.map": 1709087861472,
  "test/integration/pages/RisksObjectPage-dbg.js": 1709022138553,
  "test/integration/pages/RisksObjectPage.js.map": 1709087861475,
  "Component-preload.js": 1709087861567,
  "i18n/i18n.properties": 1709022203319,
  "test/integration/opaTests.qunit.html": 1709022138529,
  "test/testsuite.qunit.html": 1709022138213,
  "test/flpSandbox.html": 1709022138213,
  "index.html": 1709022137681
}